50 Free,100 Free,200 Free,500 Free,100 Back,100 Breast,100 Fly,200 IM,200 FR,400 FR,200 MR
Angie McKane,Cornelia Fox,Cavan Gormsen,Cavan Gormsen,Tess Howley,MaryGrace Guzzino,Tess Howley,Elle Noecker,Tess Howley,Tess Howley,Leah Treglia
Cornelia Fox,Mira Keller,Natalie Killion,Sarah Larsen,Leah Treglia,Jane Brierley,Angie McKane,MaryGrace Guzzino,Cat Dean,Cat Dean,Madison Dominger
Saskia Aikman,Isabella Budnik,Lucy Walker,April Chun,Natalie Killion,Lucy Walker,Leah Treglia,Mira Keller,Sarah Larsen,Sarah Larsen,Sarah Lucca
Megan jackson,Megan jackson,Isabella Budnik,Kate Anderson,Kailey Simons,Elle Noecker,Katie Yee,Emily Herr,Cavan Gormsen,Cavan Gormsen,Sofia Burns
Kailey Simons,Madison Connor,Madison Connor,Samantha Anderson,Mingna Xu,Marissa DeMarco,Annabelle Kung,Martyna Kaps,Luci Gutierrez,Mary Grace Waring,Cami Hatch
Lauren Golden,Katie Lester,Sarah Larsen,Kelly Byrne,Farrah Klein,Emily Herr,Alexa von Holtz,Alexa von Holtz,Sofia Torres,Sarah Lucca,Jane Brierley
Amanda Jurgelon,Amanda Jurgelon,Luci Gutierrez,Sofia Giordano,Eva Smith,Kendall Gilbert,Martyna Kaps,Katie Yee,Kait Sweeney,Sofia Burns,Ava Castillo
Michaela Hujus,Ashley Piacentino,Kate Anderson,Rory Sheridan,Zoey Prezyna,Megan Hu,Noelle Jordan,Riley Fried,Lauren Maierle,Leah Treglia,Lily Griffin
Haley Robinson,Sophia Zhao,Samantha Anderson,Rebecca Konop,Laura Arciniegas,Fayth Goodspeed,Mingna Xu,Katherine Ferreira,Eileen Kopp,Erica Czeremcha,Kiera Naughton
Maya Huntress,Saskia Aikman,Erica Czeremcha,Jessie Crane,Lauren Patalano,Erin DeHollander,Riley Fried,Erin DeHollander,Meredith Hogan,Vanessa Hsieh,Nicole Gerosa
Ashley Piacentino,Davia Richardson,Rebecca Konop,Zoey Griffin,Calista Chen,Makenna O'Brien,Luci Gutierrez,Makenna O'Brien,Mandy Miller,Sophia Zhao,Annabelle Kung
Alice Spaulding,Lauren Maierle,Jessie Crane,Erica Czeremcha,Abby Han,Nikko Tjahaya,Madi So,Olivia Schlegel,Erin DeHollander,Farrah Klein,Sunell Zorgman
Cat Dean,Lauren Golden,Raegan O’Brien,Regan Fried,Caitlyn Riordan,Kathryn Montefusco,Haley Robinson,Madi So,Stella Zhang,Lauren Maierle,Emma Haas
Sarah Kunze,Kate O'Brien,Sofia Giordano,Samantha Schnappauf,Kaitlyn Liu,Faye Mooney,Jess Drozdowski,Caitlyn Riordan,Hannah Harpootlian,Ally Pfeiffer,Jordan Carpentieri
Anna Lowe,Sofia Burns,Hannah Harpootlian,Maichina Gennarelli,Katie Lester,Emily Thomas,Kaitlyn Liu,Briana Racanello,Isabella Gayle,Kait Sweeney,Lauren Woody
Ava Olsian,Cat Dean,Eva Smith,Kayla Kulier,Olivia Schlegel,Bella Dimaculangan,Abby Han,Natalie Kassirer,Anna Stoup,Luci Gutierrez,Meghan Brady
Sophia Zhao,Cali White,Morgan Lawler,Alex Fox,Julia Lucca,Natalie Kassirer,Briana Racanello,Lauren Maierle,Marisol Tan,Zoey Prezyna,Kailey Simons
Claire Gorton,Claire Gorton,Meredith Hogan,Sofia Torres,Katherine Ferreira,April Chun,Natalie Wu,Kathryn Montefusco,Lexi Hasko,Meredith Hogan,Katie Yee
Sofia Burns,Sarah Kunze,Kait Sweeney,Rebecca Trosman,Ally Pfeiffer,Annabel Smith,Emma Haas,Megan Hu,Jessie Crane,Morgan Wagner,Natalie Wu
Juliet Percenti,Katie Webster,Maddy Domster,Kait Sweeney,Kyra Skoglund,AvaGrace Monti,Brooke Orner,Farrah Klein,Ashley Piacentino,Erin DeHollander,Isabella Chang
Elle Gerbes,Mary Grace Waring,Cali White,Gwen Serafin,Aimee Quinlan,Sophia Bondikov,Jordan Carpentieri,Nikko Tjahaya,Grace Vogt,Natalie Wu,Mira Keller
Ashley Zhang,Alice Spaulding,Iala Cropper,Kate Kennedy,Cami Hatch,Gwen Lister,Sarah Lucca,Calista Chen,Maddy Domster,Isabella Chang,Ava Pauly
Katie Webster,Sarah Carlson,Madison McKinney,Iala Cropper,Raegan O’Brien,Tia Jack,Ally Pfeiffer,Kelly Byrne,Emma Sauer,Kailey Simons,Hannah McCully
Mira Kittle,Vanessa Hsieh,Thalia Marquez,Dana Hans,Zoe Chung,Sophia Lord,Elizabeth Share,Brooke Vos,Zoe Zawodzinski,Katie Yee,Sarah Carlson
Nakai Chinogwenya,Mea Amedio,Kayla Dwyer,Madison McKinney,Stella Zhang,Maura O'Donnell,Lauren Woody,Campbell Clark,Riley Hauber,Martyna Kaps,Vivian Nguyen
Clara Samko,Morgan Lawler,Angelina Lin,Maddy Domster,Riley Hauber,Sofia Torres,Grace Hricay,Kate O'Brien,Mikayla Little,Kelly Hsu,Marin Bedford
Afia Sarpong,Maya Huntress,Kate Kennedy,Thalia Marquez,Brooke Vos,Elise Wratney,Mackenzie Gula,Katie Lynch,Kaleigh Lawrence,Jacqui Wong,Nakisha Dinh
Georgia Langan,Isabella Gayle,Ella Bellinger,Lexi Stuntz,Hannah Ullinger,Ava Olsian,Abby Sellnow,Laura Arciniegas,Alyssa Galley,Audrey Alexander,Claire Gorton
Grace Young,Amelia MacKinnon,Ashley Brousseau,Ashley Brousseau,Mira Kittle,Meredith Roberts,Meredith Hogan,Jordan Carpentieri,Olympia Frisoni,Isabella Budnik,Caitlyn Riordan
Jaelynn Taylor,Nakai Chinogwenya,,,Noelle Jordan,Jess Drozdowski,Vivienne Zangaro,Maddie Horner,Lucy Catalano,Ellie Taragano,Makenna O'Brien
Lani Bao,Kylie Willis,,,Katie Schloth,Ava Pauly,Emily Eichinger,Maura O'Donnell,Kendall Gilbert,Kayla Dwyer,Dorothy Amato
Amelia MacKinnon,Leni So,,,Audrey Alexander,Madison Dominger,Makayla Lee,Sophia Lord,Juliet Percenti,Laura Arciniegas,Lia Edlin-Miller
DAWN DAVIDSON,Zoey Prezyna,,,Alannah Klemann,Mackenzie Gula,Fiona Barr,Sophia Bondikov,Bella Dimaculangan,Maddy Domster,Laura Arciniegas
Leah Gaskill,Anna Lowe,,,Brianna Foote,Olivia Skuza,Campbell Clark,Cindy Wang,Abi Higgins,Emma Sauer,Ellie Taragano
Madeleine Wood,Faye Mooney,,,Alexis Kung,Anna Stoup,Vera Amirbekian,Gwen Serafin,Kate Gironda,Grace Vogt,Kayla Dwyer
Zoe Zawodzinski,Helen Hao,,,Mea Amedio,Kaitlyn Redfern,Elli Knausz,Ellie Taragano,Isabel Xu,Zoe Zawodzinski,Isabella Budnik
Grace Roberts,Grace Roberts,,,Grace Vogt,Ella Garrow,Zoey Griffin,Chloe Marcyan,Mary Grace Waring,Katie Webster,Leni So
Grace Satriano,Lani Bao,,,Lexi Stuntz,,Samantha Schnappauf,Meghan Brady,Morgan Lee,Sam McKee,Megan Hu
Maya Massaro,Abby Bartolacci,,,Alexis Hathaway,,Kayla Dwyer,Bella Briceno,Hailey Wilcox,Sadie DeGeorge,Madi So
Ella Garrow,Ava Pauly,,,,,Brianna Foote,Kaitlyn Redfern,Sarah Lucca,Mackenzie Gula,Caroline Hu
,Audrey Alexander,,,,,Abby Bartolacci,Alannah Klemann,Mackenzie Gula,Sarah Kunze,Courtney Sorbello
,Maya Massaro,,,,,Delaney Michels,Annie Manion,Sam McKee,Iala Cropper,Olivia Skuza
,Annie Manion,,,,,Cara McDonald,Bella Dimaculangan,Sadie DeGeorge,Nakai Chinogwenya,Katherine Ferreira
,Michaela Hujus,,,,,Amelie Eng,Anna Stoup,Katie Webster,Isabella Huerta-Andrade,Kayleigh Bigwarfe
,Hannah Harpootlian,,,,,Tia Jack,,Emma Haas,Stella Zhang,Audrey Alexander
,Stella Zhang,,,,,Isabel Xu,,Shannon Swezey,Hannah Harpootlian,Martyna Kaps
,,,,,,Maddie Horner,,Lauren Woody,Isabella Gayle,Elizabeth Kuznetsov
,,,,,,Morgane Wethey,,Meghan Brady,Anna Stoup,Madison Hui-An Wu
,,,,,,Hanna Matheson,,Vanessa Hsieh,Madison Lin,Amanda Jurgelon
,,,,,,Alexis Hathaway,,Erin Cahalane,Leni So,Tori Carney
,,,,,,McKenna Bowles,,Jessica Konsky,Megan Hu,Abby Sellnow
,,,,,,Jane Brierley,,Sophia Zhao,Madi So,Livi Streeter
,,,,,,,,Caitlin Sims,Lucy Catalano,Lauren Patalano
,,,,,,,,Tamsin Coulthard,Juliet Percenti,Jess Walsh
,,,,,,,,Abby Bartolacci,Tia Jack,Samantha Schnappauf
,,,,,,,,Kate Anderson,Kendall Gilbert,Kimberly Gingrass
,,,,,,,,Anna Lowe,Katherine Ferreira,Emily Eichinger
,,,,,,,,Gracie Ringer,Sarah Bernasconi,Molly Bennett
,,,,,,,,Grace Shelhamer,Olivia Skuza,Sarah Kunze
,,,,,,,,Sibby Lowe,Kayleigh Bigwarfe,Isabella Huerta-Andrade
,,,,,,,,Kayleigh Bigwarfe,Annabelle Kung,Zoey Prezyna
,,,,,,,,Courtney Sorbello,Alexis Kung,Emma Wood
,,,,,,,,Hannah Fronheiser,Sunell Zorgman,Morgan Wagner
,,,,,,,,Sarah Bernasconi,Nicole Gerosa,Eileen Kopp
,,,,,,,,Kailee Dennis,Riley Fried,Sophia Gutierrez
,,,,,,,,Molly Hirsch,Cara McDonald,Sofia Torres
,,,,,,,,Kyra Skoglund,Regan Fried,Ally Pfeiffer
,,,,,,,,Sloane Yurcisin,Calista Chen,Claudia Rapisarda
,,,,,,,,Aurey Tong,Briana Racanello,Samantha Dring
,,,,,,,,Natalia Brulinski,Samantha Anderson,Shannon Reddington
,,,,,,,,Rachel Kang,Megan Koek,Briana Racanello
,,,,,,,,Ashley Zhang,Sofia Giordano,Catherine Broderick
,,,,,,,,Zoey Griffin,Katherine Cartenuto,Abby Lyons
,,,,,,,,Phoebe Risch,Emily Cartenuto,Fayth Goodspeed
,,,,,,,,Hannah Megan,Nora Swiencicki,Vera Amirbekian
,,,,,,,,Lauren Golden,Meghan Oneill,Madison Wolfort
,,,,,,,,Addison Kenney,Hannah McCully,Natalie Killion
,,,,,,,,Victoria Gvozdeva,Sarah Carlson,Maddie Martino
,,,,,,,,Jillian Ferrie,Ava Pauly,Madison Fragale
,,,,,,,,Madeleine Wood,Mira Keller,Leah Gaskill
,,,,,,,,Madison Connor,Livi Streeter,Calista Chen
,,,,,,,,Caroline Crouchley,Emma Sellnow,Madeleine hunter
,,,,,,,,Amanda Baiker,Abby Sellnow,Brianna Goodman
,,,,,,,,Mia Brita,Amanda Jurgelon,STEPHANIA CALIN
,,,,,,,,Nakisha Dinh,Zoe Chung,Mingna Xu
,,,,,,,,Melissa Robinson,Audrey Ho,Charlotte Buck
,,,,,,,,Kylie Willis,Sienna White,Halle Silva
,,,,,,,,Claire Gorton,Kelly Byrne,Meghan Black
,,,,,,,,Rachel Chen,Maddie Milla,Anna Lowe
,,,,,,,,Madison Lin,Alex Fox,Gabby Janeski
,,,,,,,,Amelie Eng,Katie Place,Sibby Lowe
,,,,,,,,Caroline Hu,Cornelia Fox,Grace Shelhamer
,,,,,,,,Kara Ha,Elizabeth Springer,Vanessa Hsieh
,,,,,,,,Taryn Becerra,Olivia Springer,Erica Czeremcha
,,,,,,,,Grace Hricay,Arianna Matthews,Farrah Klein
,,,,,,,,Saskia Aikman,Alice Spaulding,Jessica Konsky
,,,,,,,,Annabelle Kung,Angie McKane,Addison Kenney
,,,,,,,,Alexis Kung,Carolyn Heckle,Elaine Chen
,,,,,,,,Sunell Zorgman,Maria Kuksenkova,Maggie Trautner
,,,,,,,,Nicole Gerosa,Kara Peters,Madeleine Wood
,,,,,,,,Erica Sava,Rebecca Konop,Haley Loehfelm
,,,,,,,,Brooke Touti,Alexis Egbert,Natalie Kassirer
,,,,,,,,Jenna Nus,Vivienne Zangaro,Mara Johnson
,,,,,,,,DAWN DAVIDSON,Gwen Serafin,Penny Choroser
,,,,,,,,Katya Baranov,Rhianna Lynch,Jasmine Dinh
,,,,,,,,Julianna Powzaniuk,Abigail Jaros,Emily Thomas
,,,,,,,,Paige Fischer,Dana Hans,Emilia Bodzon
,,,,,,,,Kate Kennedy,Katie Lester,Elvira Castro
,,,,,,,,Alexis Egbert,Evie Fontana,Alanah Giannini
,,,,,,,,Vivienne Zangaro,Ciarrah Tynan,Ella Humphrey
,,,,,,,,Gwen Serafin,Joscelyn Coniski,Ashley Martin
,,,,,,,,Rebecca Konop,Alexa von Holtz,Allie Vargas
,,,,,,,,Cara McDonald,Isabel Xu,Dana Hans
,,,,,,,,Regan Fried,Abi Higgins,Liliana Mulchy
,,,,,,,,STEPHANIA CALIN,Eva Emmerich,Katie Lester
,,,,,,,,Riley Fried,Bella Dimaculangan,Rhianna Lynch
,,,,,,,,Nora Swiencicki,McKenna Bowles,Alexis Hathaway
,,,,,,,,Emily Cartenuto,Sonja Wultsch-Fuller,Ella Garrow
,,,,,,,,Katherine Cartenuto,Erin Lantry,Annie Manion
,,,,,,,,Avery McClaren,Ella Bellinger,Ashley Brousseau
,,,,,,,,Shannon Reddington,Ella Garrow,Lexi Stuntz
,,,,,,,,Samantha Anderson,Annie Manion,Kaitlyn Redfern
,,,,,,,,Catherine Broderick,Ashley Brousseau,Maya Thomas
,,,,,,,,Sofia Giordano,Alexis Hathaway,Tessa Alguire
,,,,,,,,Nakai Chinogwenya,Ellie Tandlmayer,Olympia Frisoni
,,,,,,,,Iala Cropper,Abby Lyons,Kendall Gilbert
,,,,,,,,Maura Sheehan,Helen Hao,Tia Jack
,,,,,,,,Sara Eichinger,Grace Roberts,Juliet Percenti
,,,,,,,,Kaylin Schneider,,
,,,,,,,,Madison Wolfort,,
,,,,,,,,Helen Hao,,
,,,,,,,,Grace Roberts,,
,,,,,,,,Alaska Lilliock,,
,,,,,,,,Brianna Perrigo,,
,,,,,,,,Natalie Marlow,,
,,,,,,,,Maya Massaro,,
,,,,,,,,Sophia LaValley,,
,,,,,,,,Kasey Fuller,,
,,,,,,,,Abby Henley,,
,,,,,,,,Shelby Midgett,,
,,,,,,,,Alice Spaulding,,
,,,,,,,,Olivia Springer,,
,,,,,,,,Arianna Matthews,,
,,,,,,,,Elizabeth Springer,,
,,,,,,,,Angie McKane,,
,,,,,,,,Carolyn Heckle,,
,,,,,,,,Maria Kuksenkova,,
,,,,,,,,Kara Peters,,
,,,,,,,,Alexa von Holtz,,
,,,,,,,,Evie Fontana,,
,,,,,,,,Ciarrah Tynan,,
,,,,,,,,Joscelyn Coniski,,
,,,,,,,,Cecilia Cao,,
,,,,,,,,Elise Wratney,,
,,,,,,,,Grace Reyna,,
,,,,,,,,Georgia Langan,,
,,,,,,,,Jay Lai,,
,,,,,,,,Ellie Wu,,
,,,,,,,,Cathy Chang,,
,,,,,,,,Kayra Patan,,